Golden Retreiver,Fun and Caring,Pizza and Baseball,Loud Neighbors and The Government
Corgi,Goofy and Cuddly,IceCream and Boardgames,Thunderstorms and Breakups
German Shepard,Smart and Alert,Puzzles and Grilled Meats,Receiving Disrespect and High Humidity
Pomeranian,Energetic and Silly,Rose` and The Beach,Hard Work and Beer
Mastiff,Watchful and Strong,The Great Outdoors and Family Events,Taking the Easy Road and White Wine
Maltese,Classy and Playful,Wine and Traveling,Working and Waiting
Beagle,Trustworthy and Lively,NFL Football and Barbecues,Lazy Days and Tight Clothing